STRUCTURE,STRUCTURE_ID,STRUCTURE_NAME,ACTION,REF_AREA,,FREQ,,MEASURE,,ACTIVITY,,UNIT_MEASURE,,PRICE_BASE,,TRANSFORMATION,,ADJUSTMENT,,CONVERSION_TYPE,,TIME_PERIOD,,OBS_VALUE,,OBS_STATUS,,UNIT_MULT,,BASE_PER,,DECIMALS,
DATAFLOW,OECD.SDD.TPS:DSD_PDB@DF_PDB_ULC_Q(1.0),,I,DEU,,Q,,ULCE,,_T,,IX,,V,,_Z,,N,,NC,,2025-Q1,,132.7075,,A,,0,,2015,,0,
DATAFLOW,OECD.SDD.TPS:DSD_PDB@DF_PDB_ULC_Q(1.0),,I,DEU,,Q,,ULCE,,_T,,IX,,V,,_Z,,N,,NC,,2025-Q2,,139.0298,,A,,0,,2015,,0,
DATAFLOW,OECD.SDD.TPS:DSD_PDB@DF_PDB_ULC_Q(1.0),,I,DEU,,Q,,ULCE,,_T,,IX,,V,,_Z,,N,,NC,,2025-Q3,,139.0735,,A,,0,,2015,,0,
DATAFLOW,OECD.SDD.TPS:DSD_PDB@DF_PDB_ULC_Q(1.0),,I,DEU,,Q,,ULCE,,_T,,IX,,V,,_Z,,N,,NC,,1991-Q1,,66.97456,,A,,0,,2015,,0,
DATAFLOW,OECD.SDD.TPS:DSD_PDB@DF_PDB_ULC_Q(1.0),,I,DEU,,Q,,ULCE,,_T,,IX,,V,,_Z,,N,,NC,,1991-Q2,,71.80431,,A,,0,,2015,,0,
DATAFLOW,OECD.SDD.TPS:DSD_PDB@DF_PDB_ULC_Q(1.0),,I,DEU,,Q,,ULCE,,_T,,IX,,V,,_Z,,N,,NC,,1991-Q3,,73.40578,,A,,0,,2015,,0,
DATAFLOW,OECD.SDD.TPS:DSD_PDB@DF_PDB_ULC_Q(1.0),,I,DEU,,Q,,ULCE,,_T,,IX,,V,,_Z,,N,,NC,,1991-Q4,,82.6092,,A,,0,,2015,,0,
DATAFLOW,OECD.SDD.TPS:DSD_PDB@DF_PDB_ULC_Q(1.0),,I,DEU,,Q,,ULCE,,_T,,IX,,V,,_Z,,N,,NC,,1992-Q1,,71.62087,,A,,0,,2015,,0,
DATAFLOW,OECD.SDD.TPS:DSD_PDB@DF_PDB_ULC_Q(1.0),,I,DEU,,Q,,ULCE,,_T,,IX,,V,,_Z,,N,,NC,,1992-Q2,,75.96441,,A,,0,,2015,,0,
DATAFLOW,OECD.SDD.TPS:DSD_PDB@DF_PDB_ULC_Q(1.0),,I,DEU,,Q,,ULCE,,_T,,IX,,V,,_Z,,N,,NC,,1992-Q3,,79.29736,,A,,0,,2015,,0,
DATAFLOW,OECD.SDD.TPS:DSD_PDB@DF_PDB_ULC_Q(1.0),,I,DEU,,Q,,ULCE,,_T,,IX,,V,,_Z,,N,,NC,,1992-Q4,,87.74536,,A,,0,,2015,,0,
DATAFLOW,OECD.SDD.TPS:DSD_PDB@DF_PDB_ULC_Q(1.0),,I,DEU,,Q,,ULCE,,_T,,IX,,V,,_Z,,N,,NC,,1993-Q1,,76.51513,,A,,0,,2015,,0,
DATAFLOW,OECD.SDD.TPS:DSD_PDB@DF_PDB_ULC_Q(1.0),,I,DEU,,Q,,ULCE,,_T,,IX,,V,,_Z,,N,,NC,,1993-Q2,,79.39964,,A,,0,,2015,,0,
DATAFLOW,OECD.SDD.TPS:DSD_PDB@DF_PDB_ULC_Q(1.0),,I,DEU,,Q,,ULCE,,_T,,IX,,V,,_Z,,N,,NC,,1993-Q3,,80.59875,,A,,0,,2015,,0,
DATAFLOW,OECD.SDD.TPS:DSD_PDB@DF_PDB_ULC_Q(1.0),,I,DEU,,Q,,ULCE,,_T,,IX,,V,,_Z,,N,,NC,,1993-Q4,,90.12514,,A,,0,,2015,,0,
DATAFLOW,OECD.SDD.TPS:DSD_PDB@DF_PDB_ULC_Q(1.0),,I,DEU,,Q,,ULCE,,_T,,IX,,V,,_Z,,N,,NC,,1994-Q1,,77.78416,,A,,0,,2015,,0,
DATAFLOW,OECD.SDD.TPS:DSD_PDB@DF_PDB_ULC_Q(1.0),,I,DEU,,Q,,ULCE,,_T,,IX,,V,,_Z,,N,,NC,,1994-Q2,,79.18052,,A,,0,,2015,,0,
DATAFLOW,OECD.SDD.TPS:DSD_PDB@DF_PDB_ULC_Q(1.0),,I,DEU,,Q,,ULCE,,_T,,IX,,V,,_Z,,N,,NC,,1994-Q3,,80.68431,,A,,0,,2015,,0,
DATAFLOW,OECD.SDD.TPS:DSD_PDB@DF_PDB_ULC_Q(1.0),,I,DEU,,Q,,ULCE,,_T,,IX,,V,,_Z,,N,,NC,,1994-Q4,,90.15124,,A,,0,,2015,,0,
DATAFLOW,OECD.SDD.TPS:DSD_PDB@DF_PDB_ULC_Q(1.0),,I,DEU,,Q,,ULCE,,_T,,IX,,V,,_Z,,N,,NC,,1995-Q1,,78.44453,,A,,0,,2015,,0,
DATAFLOW,OECD.SDD.TPS:DSD_PDB@DF_PDB_ULC_Q(1.0),,I,DEU,,Q,,ULCE,,_T,,IX,,V,,_Z,,N,,NC,,1995-Q2,,81.47057,,A,,0,,2015,,0,
DATAFLOW,OECD.SDD.TPS:DSD_PDB@DF_PDB_ULC_Q(1.0),,I,DEU,,Q,,ULCE,,_T,,IX,,V,,_Z,,N,,NC,,1995-Q3,,83.21623,,A,,0,,2015,,0,
DATAFLOW,OECD.SDD.TPS:DSD_PDB@DF_PDB_ULC_Q(1.0),,I,DEU,,Q,,ULCE,,_T,,IX,,V,,_Z,,N,,NC,,1995-Q4,,92.59451,,A,,0,,2015,,0,
DATAFLOW,OECD.SDD.TPS:DSD_PDB@DF_PDB_ULC_Q(1.0),,I,DEU,,Q,,ULCE,,_T,,IX,,V,,_Z,,N,,NC,,1996-Q1,,80.28981,,A,,0,,2015,,0,
DATAFLOW,OECD.SDD.TPS:DSD_PDB@DF_PDB_ULC_Q(1.0),,I,DEU,,Q,,ULCE,,_T,,IX,,V,,_Z,,N,,NC,,1996-Q2,,81.62357,,A,,0,,2015,,0,
DATAFLOW,OECD.SDD.TPS:DSD_PDB@DF_PDB_ULC_Q(1.0),,I,DEU,,Q,,ULCE,,_T,,IX,,V,,_Z,,N,,NC,,1996-Q3,,82.66116,,A,,0,,2015,,0,
DATAFLOW,OECD.SDD.TPS:DSD_PDB@DF_PDB_ULC_Q(1.0),,I,DEU,,Q,,ULCE,,_T,,IX,,V,,_Z,,N,,NC,,1996-Q4,,91.3722,,A,,0,,2015,,0,
DATAFLOW,OECD.SDD.TPS:DSD_PDB@DF_PDB_ULC_Q(1.0),,I,DEU,,Q,,ULCE,,_T,,IX,,V,,_Z,,N,,NC,,1997-Q1,,80.45672,,A,,0,,2015,,0,
DATAFLOW,OECD.SDD.TPS:DSD_PDB@DF_PDB_ULC_Q(1.0),,I,DEU,,Q,,ULCE,,_T,,IX,,V,,_Z,,N,,NC,,1997-Q2,,80.05097,,A,,0,,2015,,0,
DATAFLOW,OECD.SDD.TPS:DSD_PDB@DF_PDB_ULC_Q(1.0),,I,DEU,,Q,,ULCE,,_T,,IX,,V,,_Z,,N,,NC,,1997-Q3,,81.18607,,A,,0,,2015,,0,
DATAFLOW,OECD.SDD.TPS:DSD_PDB@DF_PDB_ULC_Q(1.0),,I,DEU,,Q,,ULCE,,_T,,IX,,V,,_Z,,N,,NC,,1997-Q4,,90.22614,,A,,0,,2015,,0,
DATAFLOW,OECD.SDD.TPS:DSD_PDB@DF_PDB_ULC_Q(1.0),,I,DEU,,Q,,ULCE,,_T,,IX,,V,,_Z,,N,,NC,,1998-Q1,,78.04587,,A,,0,,2015,,0,
DATAFLOW,OECD.SDD.TPS:DSD_PDB@DF_PDB_ULC_Q(1.0),,I,DEU,,Q,,ULCE,,_T,,IX,,V,,_Z,,N,,NC,,1998-Q2,,81.24173,,A,,0,,2015,,0,
DATAFLOW,OECD.SDD.TPS:DSD_PDB@DF_PDB_ULC_Q(1.0),,I,DEU,,Q,,ULCE,,_T,,IX,,V,,_Z,,N,,NC,,1998-Q3,,81.78374,,A,,0,,2015,,0,
DATAFLOW,OECD.SDD.TPS:DSD_PDB@DF_PDB_ULC_Q(1.0),,I,DEU,,Q,,ULCE,,_T,,IX,,V,,_Z,,N,,NC,,1998-Q4,,90.96072,,A,,0,,2015,,0,
DATAFLOW,OECD.SDD.TPS:DSD_PDB@DF_PDB_ULC_Q(1.0),,I,DEU,,Q,,ULCE,,_T,,IX,,V,,_Z,,N,,NC,,1999-Q1,,79.04764,,A,,0,,2015,,0,
DATAFLOW,OECD.SDD.TPS:DSD_PDB@DF_PDB_ULC_Q(1.0),,I,DEU,,Q,,ULCE,,_T,,IX,,V,,_Z,,N,,NC,,1999-Q2,,82.16835,,A,,0,,2015,,0,
DATAFLOW,OECD.SDD.TPS:DSD_PDB@DF_PDB_ULC_Q(1.0),,I,DEU,,Q,,ULCE,,_T,,IX,,V,,_Z,,N,,NC,,1999-Q3,,82.09976,,A,,0,,2015,,0,
DATAFLOW,OECD.SDD.TPS:DSD_PDB@DF_PDB_ULC_Q(1.0),,I,DEU,,Q,,ULCE,,_T,,IX,,V,,_Z,,N,,NC,,1999-Q4,,90.60785,,A,,0,,2015,,0,
DATAFLOW,OECD.SDD.TPS:DSD_PDB@DF_PDB_ULC_Q(1.0),,I,DEU,,Q,,ULCE,,_T,,IX,,V,,_Z,,N,,NC,,2000-Q1,,79.21756,,A,,0,,2015,,0,
DATAFLOW,OECD.SDD.TPS:DSD_PDB@DF_PDB_ULC_Q(1.0),,I,DEU,,Q,,ULCE,,_T,,IX,,V,,_Z,,N,,NC,,2000-Q2,,81.97694,,A,,0,,2015,,0,
DATAFLOW,OECD.SDD.TPS:DSD_PDB@DF_PDB_ULC_Q(1.0),,I,DEU,,Q,,ULCE,,_T,,IX,,V,,_Z,,N,,NC,,2000-Q3,,83.25745,,A,,0,,2015,,0,
DATAFLOW,OECD.SDD.TPS:DSD_PDB@DF_PDB_ULC_Q(1.0),,I,DEU,,Q,,ULCE,,_T,,IX,,V,,_Z,,N,,NC,,2000-Q4,,92.69269,,A,,0,,2015,,0,
DATAFLOW,OECD.SDD.TPS:DSD_PDB@DF_PDB_ULC_Q(1.0),,I,DEU,,Q,,ULCE,,_T,,IX,,V,,_Z,,N,,NC,,2001-Q1,,79.4341,,A,,0,,2015,,0,
DATAFLOW,OECD.SDD.TPS:DSD_PDB@DF_PDB_ULC_Q(1.0),,I,DEU,,Q,,ULCE,,_T,,IX,,V,,_Z,,N,,NC,,2001-Q2,,82.33447,,A,,0,,2015,,0,
DATAFLOW,OECD.SDD.TPS:DSD_PDB@DF_PDB_ULC_Q(1.0),,I,DEU,,Q,,ULCE,,_T,,IX,,V,,_Z,,N,,NC,,2001-Q3,,82.93276,,A,,0,,2015,,0,
DATAFLOW,OECD.SDD.TPS:DSD_PDB@DF_PDB_ULC_Q(1.0),,I,DEU,,Q,,ULCE,,_T,,IX,,V,,_Z,,N,,NC,,2001-Q4,,92.48472,,A,,0,,2015,,0,
DATAFLOW,OECD.SDD.TPS:DSD_PDB@DF_PDB_ULC_Q(1.0),,I,DEU,,Q,,ULCE,,_T,,IX,,V,,_Z,,N,,NC,,2002-Q1,,81.68313,,A,,0,,2015,,0,
DATAFLOW,OECD.SDD.TPS:DSD_PDB@DF_PDB_ULC_Q(1.0),,I,DEU,,Q,,ULCE,,_T,,IX,,V,,_Z,,N,,NC,,2002-Q2,,82.98122,,A,,0,,2015,,0,
DATAFLOW,OECD.SDD.TPS:DSD_PDB@DF_PDB_ULC_Q(1.0),,I,DEU,,Q,,ULCE,,_T,,IX,,V,,_Z,,N,,NC,,2002-Q3,,83.34766,,A,,0,,2015,,0,
DATAFLOW,OECD.SDD.TPS:DSD_PDB@DF_PDB_ULC_Q(1.0),,I,DEU,,Q,,ULCE,,_T,,IX,,V,,_Z,,N,,NC,,2002-Q4,,92.79753,,A,,0,,2015,,0,
DATAFLOW,OECD.SDD.TPS:DSD_PDB@DF_PDB_ULC_Q(1.0),,I,DEU,,Q,,ULCE,,_T,,IX,,V,,_Z,,N,,NC,,2003-Q1,,82.72642,,A,,0,,2015,,0,
DATAFLOW,OECD.SDD.TPS:DSD_PDB@DF_PDB_ULC_Q(1.0),,I,DEU,,Q,,ULCE,,_T,,IX,,V,,_Z,,N,,NC,,2003-Q2,,84.68993,,A,,0,,2015,,0,
DATAFLOW,OECD.SDD.TPS:DSD_PDB@DF_PDB_ULC_Q(1.0),,I,DEU,,Q,,ULCE,,_T,,IX,,V,,_Z,,N,,NC,,2003-Q3,,84.65594,,A,,0,,2015,,0,
DATAFLOW,OECD.SDD.TPS:DSD_PDB@DF_PDB_ULC_Q(1.0),,I,DEU,,Q,,ULCE,,_T,,IX,,V,,_Z,,N,,NC,,2003-Q4,,93.35339,,A,,0,,2015,,0,
DATAFLOW,OECD.SDD.TPS:DSD_PDB@DF_PDB_ULC_Q(1.0),,I,DEU,,Q,,ULCE,,_T,,IX,,V,,_Z,,N,,NC,,2004-Q1,,82.38995,,A,,0,,2015,,0,
DATAFLOW,OECD.SDD.TPS:DSD_PDB@DF_PDB_ULC_Q(1.0),,I,DEU,,Q,,ULCE,,_T,,IX,,V,,_Z,,N,,NC,,2004-Q2,,84.16662,,A,,0,,2015,,0,
DATAFLOW,OECD.SDD.TPS:DSD_PDB@DF_PDB_ULC_Q(1.0),,I,DEU,,Q,,ULCE,,_T,,IX,,V,,_Z,,N,,NC,,2004-Q3,,84.69736,,A,,0,,2015,,0,
DATAFLOW,OECD.SDD.TPS:DSD_PDB@DF_PDB_ULC_Q(1.0),,I,DEU,,Q,,ULCE,,_T,,IX,,V,,_Z,,N,,NC,,2004-Q4,,92.79751,,A,,0,,2015,,0,
DATAFLOW,OECD.SDD.TPS:DSD_PDB@DF_PDB_ULC_Q(1.0),,I,DEU,,Q,,ULCE,,_T,,IX,,V,,_Z,,N,,NC,,2005-Q1,,82.9741,,A,,0,,2015,,0,
DATAFLOW,OECD.SDD.TPS:DSD_PDB@DF_PDB_ULC_Q(1.0),,I,DEU,,Q,,ULCE,,_T,,IX,,V,,_Z,,N,,NC,,2005-Q2,,83.22928,,A,,0,,2015,,0,
DATAFLOW,OECD.SDD.TPS:DSD_PDB@DF_PDB_ULC_Q(1.0),,I,DEU,,Q,,ULCE,,_T,,IX,,V,,_Z,,N,,NC,,2005-Q3,,83.51289,,A,,0,,2015,,0,
DATAFLOW,OECD.SDD.TPS:DSD_PDB@DF_PDB_ULC_Q(1.0),,I,DEU,,Q,,ULCE,,_T,,IX,,V,,_Z,,N,,NC,,2005-Q4,,91.76935,,A,,0,,2015,,0,
DATAFLOW,OECD.SDD.TPS:DSD_PDB@DF_PDB_ULC_Q(1.0),,I,DEU,,Q,,ULCE,,_T,,IX,,V,,_Z,,N,,NC,,2006-Q1,,80.32475,,A,,0,,2015,,0,
DATAFLOW,OECD.SDD.TPS:DSD_PDB@DF_PDB_ULC_Q(1.0),,I,DEU,,Q,,ULCE,,_T,,IX,,V,,_Z,,N,,NC,,2006-Q2,,82.49112,,A,,0,,2015,,0,
DATAFLOW,OECD.SDD.TPS:DSD_PDB@DF_PDB_ULC_Q(1.0),,I,DEU,,Q,,ULCE,,_T,,IX,,V,,_Z,,N,,NC,,2006-Q3,,82.73495,,A,,0,,2015,,0,
DATAFLOW,OECD.SDD.TPS:DSD_PDB@DF_PDB_ULC_Q(1.0),,I,DEU,,Q,,ULCE,,_T,,IX,,V,,_Z,,N,,NC,,2006-Q4,,89.53065,,A,,0,,2015,,0,
DATAFLOW,OECD.SDD.TPS:DSD_PDB@DF_PDB_ULC_Q(1.0),,I,DEU,,Q,,ULCE,,_T,,IX,,V,,_Z,,N,,NC,,2007-Q1,,79.41788,,A,,0,,2015,,0,
DATAFLOW,OECD.SDD.TPS:DSD_PDB@DF_PDB_ULC_Q(1.0),,I,DEU,,Q,,ULCE,,_T,,IX,,V,,_Z,,N,,NC,,2007-Q2,,82.48126,,A,,0,,2015,,0,
DATAFLOW,OECD.SDD.TPS:DSD_PDB@DF_PDB_ULC_Q(1.0),,I,DEU,,Q,,ULCE,,_T,,IX,,V,,_Z,,N,,NC,,2007-Q3,,82.36649,,A,,0,,2015,,0,
DATAFLOW,OECD.SDD.TPS:DSD_PDB@DF_PDB_ULC_Q(1.0),,I,DEU,,Q,,ULCE,,_T,,IX,,V,,_Z,,N,,NC,,2007-Q4,,90.27367,,A,,0,,2015,,0,
DATAFLOW,OECD.SDD.TPS:DSD_PDB@DF_PDB_ULC_Q(1.0),,I,DEU,,Q,,ULCE,,_T,,IX,,V,,_Z,,N,,NC,,2008-Q1,,80.89579,,A,,0,,2015,,0,
DATAFLOW,OECD.SDD.TPS:DSD_PDB@DF_PDB_ULC_Q(1.0),,I,DEU,,Q,,ULCE,,_T,,IX,,V,,_Z,,N,,NC,,2008-Q2,,83.39919,,A,,0,,2015,,0,
DATAFLOW,OECD.SDD.TPS:DSD_PDB@DF_PDB_ULC_Q(1.0),,I,DEU,,Q,,ULCE,,_T,,IX,,V,,_Z,,N,,NC,,2008-Q3,,84.64245,,A,,0,,2015,,0,
DATAFLOW,OECD.SDD.TPS:DSD_PDB@DF_PDB_ULC_Q(1.0),,I,DEU,,Q,,ULCE,,_T,,IX,,V,,_Z,,N,,NC,,2008-Q4,,95.35542,,A,,0,,2015,,0,
DATAFLOW,OECD.SDD.TPS:DSD_PDB@DF_PDB_ULC_Q(1.0),,I,DEU,,Q,,ULCE,,_T,,IX,,V,,_Z,,N,,NC,,2009-Q1,,88.1937,,A,,0,,2015,,0,
DATAFLOW,OECD.SDD.TPS:DSD_PDB@DF_PDB_ULC_Q(1.0),,I,DEU,,Q,,ULCE,,_T,,IX,,V,,_Z,,N,,NC,,2009-Q2,,90.77625,,A,,0,,2015,,0,
DATAFLOW,OECD.SDD.TPS:DSD_PDB@DF_PDB_ULC_Q(1.0),,I,DEU,,Q,,ULCE,,_T,,IX,,V,,_Z,,N,,NC,,2009-Q3,,89.77899,,A,,0,,2015,,0,
DATAFLOW,OECD.SDD.TPS:DSD_PDB@DF_PDB_ULC_Q(1.0),,I,DEU,,Q,,ULCE,,_T,,IX,,V,,_Z,,N,,NC,,2009-Q4,,97.63158,,A,,0,,2015,,0,
DATAFLOW,OECD.SDD.TPS:DSD_PDB@DF_PDB_ULC_Q(1.0),,I,DEU,,Q,,ULCE,,_T,,IX,,V,,_Z,,N,,NC,,2010-Q1,,87.60637,,A,,0,,2015,,0,
DATAFLOW,OECD.SDD.TPS:DSD_PDB@DF_PDB_ULC_Q(1.0),,I,DEU,,Q,,ULCE,,_T,,IX,,V,,_Z,,N,,NC,,2010-Q2,,89.36517,,A,,0,,2015,,0,
DATAFLOW,OECD.SDD.TPS:DSD_PDB@DF_PDB_ULC_Q(1.0),,I,DEU,,Q,,ULCE,,_T,,IX,,V,,_Z,,N,,NC,,2010-Q3,,88.54836,,A,,0,,2015,,0,
DATAFLOW,OECD.SDD.TPS:DSD_PDB@DF_PDB_ULC_Q(1.0),,I,DEU,,Q,,ULCE,,_T,,IX,,V,,_Z,,N,,NC,,2010-Q4,,96.79575,,A,,0,,2015,,0,
DATAFLOW,OECD.SDD.TPS:DSD_PDB@DF_PDB_ULC_Q(1.0),,I,DEU,,Q,,ULCE,,_T,,IX,,V,,_Z,,N,,NC,,2011-Q1,,86.01169,,A,,0,,2015,,0,
DATAFLOW,OECD.SDD.TPS:DSD_PDB@DF_PDB_ULC_Q(1.0),,I,DEU,,Q,,ULCE,,_T,,IX,,V,,_Z,,N,,NC,,2011-Q2,,90.13869,,A,,0,,2015,,0,
DATAFLOW,OECD.SDD.TPS:DSD_PDB@DF_PDB_ULC_Q(1.0),,I,DEU,,Q,,ULCE,,_T,,IX,,V,,_Z,,N,,NC,,2011-Q3,,89.26049,,A,,0,,2015,,0,
DATAFLOW,OECD.SDD.TPS:DSD_PDB@DF_PDB_ULC_Q(1.0),,I,DEU,,Q,,ULCE,,_T,,IX,,V,,_Z,,N,,NC,,2011-Q4,,98.4694,,A,,0,,2015,,0,
DATAFLOW,OECD.SDD.TPS:DSD_PDB@DF_PDB_ULC_Q(1.0),,I,DEU,,Q,,ULCE,,_T,,IX,,V,,_Z,,N,,NC,,2012-Q1,,87.81985,,A,,0,,2015,,0,
DATAFLOW,OECD.SDD.TPS:DSD_PDB@DF_PDB_ULC_Q(1.0),,I,DEU,,Q,,ULCE,,_T,,IX,,V,,_Z,,N,,NC,,2012-Q2,,93.50988,,A,,0,,2015,,0,
DATAFLOW,OECD.SDD.TPS:DSD_PDB@DF_PDB_ULC_Q(1.0),,I,DEU,,Q,,ULCE,,_T,,IX,,V,,_Z,,N,,NC,,2012-Q3,,92.67874,,A,,0,,2015,,0,
DATAFLOW,OECD.SDD.TPS:DSD_PDB@DF_PDB_ULC_Q(1.0),,I,DEU,,Q,,ULCE,,_T,,IX,,V,,_Z,,N,,NC,,2012-Q4,,102.2837,,A,,0,,2015,,0,
DATAFLOW,OECD.SDD.TPS:DSD_PDB@DF_PDB_ULC_Q(1.0),,I,DEU,,Q,,ULCE,,_T,,IX,,V,,_Z,,N,,NC,,2013-Q1,,91.94529,,A,,0,,2015,,0,
DATAFLOW,OECD.SDD.TPS:DSD_PDB@DF_PDB_ULC_Q(1.0),,I,DEU,,Q,,ULCE,,_T,,IX,,V,,_Z,,N,,NC,,2013-Q2,,95.09527,,A,,0,,2015,,0,
DATAFLOW,OECD.SDD.TPS:DSD_PDB@DF_PDB_ULC_Q(1.0),,I,DEU,,Q,,ULCE,,_T,,IX,,V,,_Z,,N,,NC,,2013-Q3,,94.1295,,A,,0,,2015,,0,
DATAFLOW,OECD.SDD.TPS:DSD_PDB@DF_PDB_ULC_Q(1.0),,I,DEU,,Q,,ULCE,,_T,,IX,,V,,_Z,,N,,NC,,2013-Q4,,104.1044,,A,,0,,2015,,0,
DATAFLOW,OECD.SDD.TPS:DSD_PDB@DF_PDB_ULC_Q(1.0),,I,DEU,,Q,,ULCE,,_T,,IX,,V,,_Z,,N,,NC,,2014-Q1,,92.74282,,A,,0,,2015,,0,
DATAFLOW,OECD.SDD.TPS:DSD_PDB@DF_PDB_ULC_Q(1.0),,I,DEU,,Q,,ULCE,,_T,,IX,,V,,_Z,,N,,NC,,2014-Q2,,97.57949,,A,,0,,2015,,0,
DATAFLOW,OECD.SDD.TPS:DSD_PDB@DF_PDB_ULC_Q(1.0),,I,DEU,,Q,,ULCE,,_T,,IX,,V,,_Z,,N,,NC,,2014-Q3,,96.00897,,A,,0,,2015,,0,
DATAFLOW,OECD.SDD.TPS:DSD_PDB@DF_PDB_ULC_Q(1.0),,I,DEU,,Q,,ULCE,,_T,,IX,,V,,_Z,,N,,NC,,2014-Q4,,105.4553,,A,,0,,2015,,0,
DATAFLOW,OECD.SDD.TPS:DSD_PDB@DF_PDB_ULC_Q(1.0),,I,DEU,,Q,,ULCE,,_T,,IX,,V,,_Z,,N,,NC,,2015-Q1,,94.62771,,A,,0,,2015,,0,
DATAFLOW,OECD.SDD.TPS:DSD_PDB@DF_PDB_ULC_Q(1.0),,I,DEU,,Q,,ULCE,,_T,,IX,,V,,_Z,,N,,NC,,2015-Q2,,99.82211,,A,,0,,2015,,0,
DATAFLOW,OECD.SDD.TPS:DSD_PDB@DF_PDB_ULC_Q(1.0),,I,DEU,,Q,,ULCE,,_T,,IX,,V,,_Z,,N,,NC,,2015-Q3,,98.14346,,A,,0,,2015,,0,
DATAFLOW,OECD.SDD.TPS:DSD_PDB@DF_PDB_ULC_Q(1.0),,I,DEU,,Q,,ULCE,,_T,,IX,,V,,_Z,,N,,NC,,2015-Q4,,107.4067,,A,,0,,2015,,0,
DATAFLOW,OECD.SDD.TPS:DSD_PDB@DF_PDB_ULC_Q(1.0),,I,DEU,,Q,,ULCE,,_T,,IX,,V,,_Z,,N,,NC,,2016-Q1,,96.49616,,A,,0,,2015,,0,
DATAFLOW,OECD.SDD.TPS:DSD_PDB@DF_PDB_ULC_Q(1.0),,I,DEU,,Q,,ULCE,,_T,,IX,,V,,_Z,,N,,NC,,2016-Q2,,99.59705,,A,,0,,2015,,0,
DATAFLOW,OECD.SDD.TPS:DSD_PDB@DF_PDB_ULC_Q(1.0),,I,DEU,,Q,,ULCE,,_T,,IX,,V,,_Z,,N,,NC,,2016-Q3,,99.8392,,A,,0,,2015,,0,
DATAFLOW,OECD.SDD.TPS:DSD_PDB@DF_PDB_ULC_Q(1.0),,I,DEU,,Q,,ULCE,,_T,,IX,,V,,_Z,,N,,NC,,2016-Q4,,109.851,,A,,0,,2015,,0,
DATAFLOW,OECD.SDD.TPS:DSD_PDB@DF_PDB_ULC_Q(1.0),,I,DEU,,Q,,ULCE,,_T,,IX,,V,,_Z,,N,,NC,,2017-Q1,,96.93324,,A,,0,,2015,,0,
DATAFLOW,OECD.SDD.TPS:DSD_PDB@DF_PDB_ULC_Q(1.0),,I,DEU,,Q,,ULCE,,_T,,IX,,V,,_Z,,N,,NC,,2017-Q2,,102.3033,,A,,0,,2015,,0,
DATAFLOW,OECD.SDD.TPS:DSD_PDB@DF_PDB_ULC_Q(1.0),,I,DEU,,Q,,ULCE,,_T,,IX,,V,,_Z,,N,,NC,,2017-Q3,,101.2024,,A,,0,,2015,,0,
DATAFLOW,OECD.SDD.TPS:DSD_PDB@DF_PDB_ULC_Q(1.0),,I,DEU,,Q,,ULCE,,_T,,IX,,V,,_Z,,N,,NC,,2017-Q4,,110.8195,,A,,0,,2015,,0,
DATAFLOW,OECD.SDD.TPS:DSD_PDB@DF_PDB_ULC_Q(1.0),,I,DEU,,Q,,ULCE,,_T,,IX,,V,,_Z,,N,,NC,,2018-Q1,,99.86638,,A,,0,,2015,,0,
DATAFLOW,OECD.SDD.TPS:DSD_PDB@DF_PDB_ULC_Q(1.0),,I,DEU,,Q,,ULCE,,_T,,IX,,V,,_Z,,N,,NC,,2018-Q2,,104.5182,,A,,0,,2015,,0,
DATAFLOW,OECD.SDD.TPS:DSD_PDB@DF_PDB_ULC_Q(1.0),,I,DEU,,Q,,ULCE,,_T,,IX,,V,,_Z,,N,,NC,,2018-Q3,,105.6725,,A,,0,,2015,,0,
DATAFLOW,OECD.SDD.TPS:DSD_PDB@DF_PDB_ULC_Q(1.0),,I,DEU,,Q,,ULCE,,_T,,IX,,V,,_Z,,N,,NC,,2018-Q4,,115.0347,,A,,0,,2015,,0,
DATAFLOW,OECD.SDD.TPS:DSD_PDB@DF_PDB_ULC_Q(1.0),,I,DEU,,Q,,ULCE,,_T,,IX,,V,,_Z,,N,,NC,,2019-Q1,,103.2103,,A,,0,,2015,,0,
DATAFLOW,OECD.SDD.TPS:DSD_PDB@DF_PDB_ULC_Q(1.0),,I,DEU,,Q,,ULCE,,_T,,IX,,V,,_Z,,N,,NC,,2019-Q2,,109.133,,A,,0,,2015,,0,
DATAFLOW,OECD.SDD.TPS:DSD_PDB@DF_PDB_ULC_Q(1.0),,I,DEU,,Q,,ULCE,,_T,,IX,,V,,_Z,,N,,NC,,2019-Q3,,108.2883,,A,,0,,2015,,0,
DATAFLOW,OECD.SDD.TPS:DSD_PDB@DF_PDB_ULC_Q(1.0),,I,DEU,,Q,,ULCE,,_T,,IX,,V,,_Z,,N,,NC,,2019-Q4,,118.3571,,A,,0,,2015,,0,
DATAFLOW,OECD.SDD.TPS:DSD_PDB@DF_PDB_ULC_Q(1.0),,I,DEU,,Q,,ULCE,,_T,,IX,,V,,_Z,,N,,NC,,2020-Q1,,107.6779,,A,,0,,2015,,0,
DATAFLOW,OECD.SDD.TPS:DSD_PDB@DF_PDB_ULC_Q(1.0),,I,DEU,,Q,,ULCE,,_T,,IX,,V,,_Z,,N,,NC,,2020-Q2,,118.145,,A,,0,,2015,,0,
DATAFLOW,OECD.SDD.TPS:DSD_PDB@DF_PDB_ULC_Q(1.0),,I,DEU,,Q,,ULCE,,_T,,IX,,V,,_Z,,N,,NC,,2020-Q3,,110.6209,,A,,0,,2015,,0,
DATAFLOW,OECD.SDD.TPS:DSD_PDB@DF_PDB_ULC_Q(1.0),,I,DEU,,Q,,ULCE,,_T,,IX,,V,,_Z,,N,,NC,,2020-Q4,,119.7997,,A,,0,,2015,,0,
DATAFLOW,OECD.SDD.TPS:DSD_PDB@DF_PDB_ULC_Q(1.0),,I,DEU,,Q,,ULCE,,_T,,IX,,V,,_Z,,N,,NC,,2021-Q1,,107.5361,,A,,0,,2015,,0,
DATAFLOW,OECD.SDD.TPS:DSD_PDB@DF_PDB_ULC_Q(1.0),,I,DEU,,Q,,ULCE,,_T,,IX,,V,,_Z,,N,,NC,,2021-Q2,,110.8111,,A,,0,,2015,,0,
DATAFLOW,OECD.SDD.TPS:DSD_PDB@DF_PDB_ULC_Q(1.0),,I,DEU,,Q,,ULCE,,_T,,IX,,V,,_Z,,N,,NC,,2021-Q3,,112.5291,,A,,0,,2015,,0,
DATAFLOW,OECD.SDD.TPS:DSD_PDB@DF_PDB_ULC_Q(1.0),,I,DEU,,Q,,ULCE,,_T,,IX,,V,,_Z,,N,,NC,,2021-Q4,,122.2542,,A,,0,,2015,,0,
DATAFLOW,OECD.SDD.TPS:DSD_PDB@DF_PDB_ULC_Q(1.0),,I,DEU,,Q,,ULCE,,_T,,IX,,V,,_Z,,N,,NC,,2022-Q1,,110.6533,,A,,0,,2015,,0,
DATAFLOW,OECD.SDD.TPS:DSD_PDB@DF_PDB_ULC_Q(1.0),,I,DEU,,Q,,ULCE,,_T,,IX,,V,,_Z,,N,,NC,,2022-Q2,,115.4244,,A,,0,,2015,,0,
DATAFLOW,OECD.SDD.TPS:DSD_PDB@DF_PDB_ULC_Q(1.0),,I,DEU,,Q,,ULCE,,_T,,IX,,V,,_Z,,N,,NC,,2022-Q3,,115.6917,,A,,0,,2015,,0,
DATAFLOW,OECD.SDD.TPS:DSD_PDB@DF_PDB_ULC_Q(1.0),,I,DEU,,Q,,ULCE,,_T,,IX,,V,,_Z,,N,,NC,,2022-Q4,,128.9019,,A,,0,,2015,,0,
DATAFLOW,OECD.SDD.TPS:DSD_PDB@DF_PDB_ULC_Q(1.0),,I,DEU,,Q,,ULCE,,_T,,IX,,V,,_Z,,N,,NC,,2023-Q1,,118.175,,A,,0,,2015,,0,
DATAFLOW,OECD.SDD.TPS:DSD_PDB@DF_PDB_ULC_Q(1.0),,I,DEU,,Q,,ULCE,,_T,,IX,,V,,_Z,,N,,NC,,2023-Q2,,125.1618,,A,,0,,2015,,0,
DATAFLOW,OECD.SDD.TPS:DSD_PDB@DF_PDB_ULC_Q(1.0),,I,DEU,,Q,,ULCE,,_T,,IX,,V,,_Z,,N,,NC,,2023-Q3,,125.5864,,A,,0,,2015,,0,
DATAFLOW,OECD.SDD.TPS:DSD_PDB@DF_PDB_ULC_Q(1.0),,I,DEU,,Q,,ULCE,,_T,,IX,,V,,_Z,,N,,NC,,2023-Q4,,138.7473,,A,,0,,2015,,0,
DATAFLOW,OECD.SDD.TPS:DSD_PDB@DF_PDB_ULC_Q(1.0),,I,DEU,,Q,,ULCE,,_T,,IX,,V,,_Z,,N,,NC,,2024-Q1,,126.5591,,A,,0,,2015,,0,
DATAFLOW,OECD.SDD.TPS:DSD_PDB@DF_PDB_ULC_Q(1.0),,I,DEU,,Q,,ULCE,,_T,,IX,,V,,_Z,,N,,NC,,2024-Q2,,132.3142,,A,,0,,2015,,0,
DATAFLOW,OECD.SDD.TPS:DSD_PDB@DF_PDB_ULC_Q(1.0),,I,DEU,,Q,,ULCE,,_T,,IX,,V,,_Z,,N,,NC,,2024-Q3,,132.4705,,A,,0,,2015,,0,
DATAFLOW,OECD.SDD.TPS:DSD_PDB@DF_PDB_ULC_Q(1.0),,I,DEU,,Q,,ULCE,,_T,,IX,,V,,_Z,,N,,NC,,2024-Q4,,145.635,,A,,0,,2015,,0,
